{
"lengthUnit": "mil",
"remark": [],
"components": {
	"fields": ["COMPONENT_NO", "COMPONENT_NAME", "LAYER", "X_COORDINATE", "Y_COORDINATE", "ANGLE"],
	"rows": [
		[1, "Fasizi---DRV8833", "T", 1465, -450, 0],
		[2, "H1", "T", 235, -915, 270],
		[3, "H2", "T", 235, -1570, 270],
		[4, "HC-05", "T", 1600, -1480, 90],
		[5, "LED", "T", 1755, -270, 180],
		[6, "M-L", "T", 2488.05, -1660, 270],
		[7, "M-R", "T", 2480, -370, 270],
		[8, "R1", "T", 365, -470, 270],
		[9, "R2", "T", 1465, -270, 0],
		[10, "R3", "T", 1980, -1340, 270],
		[11, "Schakelaar", "T", 2710, -990, 0],
		[12, "Startknop", "T", 130, -385, 90],
		[13, "U1", "T", 850, -975, 0],
		[14, "PAD1", "T", 2650, -735, 0],
		[15, "PAD1", "B", 2650, -735, 0],
		[16, "PAD2", "T", 2785, -1260, 0],
		[17, "PAD2", "B", 2785, -1260, 0],
		[18, "PAD3", "T", 130, -471.02, 0],
		[19, "PAD4", "T", 130, -298.98, 0],
		[20, "PAD5", "T", 550, -275.001, 0],
		[21, "PAD5", "B", 550, -275.001, 0],
		[22, "PAD6", "T", 550, -375.001, 0],
		[23, "PAD6", "B", 550, -375.001, 0],
		[24, "PAD7", "T", 550, -475.001, 0],
		[25, "PAD7", "B", 550, -475.001, 0],
		[26, "PAD8", "T", 550, -575.001, 0],
		[27, "PAD8", "B", 550, -575.001, 0],
		[28, "PAD9", "T", 550, -675.001, 0],
		[29, "PAD9", "B", 550, -675.001, 0],
		[30, "PAD10", "T", 550, -775.001, 0],
		[31, "PAD10", "B", 550, -775.001, 0],
		[32, "PAD11", "T", 550, -875.001, 0],
		[33, "PAD11", "B", 550, -875.001, 0],
		[34, "PAD12", "T", 550, -975.001, 0],
		[35, "PAD12", "B", 550, -975.001, 0],
		[36, "PAD13", "T", 550, -1075.001, 0],
		[37, "PAD13", "B", 550, -1075.001, 0],
		[38, "PAD14", "T", 550, -1175.001, 0],
		[39, "PAD14", "B", 550, -1175.001, 0],
		[40, "PAD15", "T", 550, -1275.001, 0],
		[41, "PAD15", "B", 550, -1275.001, 0],
		[42, "PAD16", "T", 550, -1375.001, 0],
		[43, "PAD16", "B", 550, -1375.001, 0],
		[44, "PAD17", "T", 550, -1575.001, 0],
		[45, "PAD17", "B", 550, -1575.001, 0],
		[46, "PAD18", "T", 550, -1675.001, 0],
		[47, "PAD18", "B", 550, -1675.001, 0],
		[48, "PAD19", "T", 1150, -1675.001, 0],
		[49, "PAD19", "B", 1150, -1675.001, 0],
		[50, "PAD20", "T", 1150, -1575.001, 0],
		[51, "PAD20", "B", 1150, -1575.001, 0],
		[52, "PAD21", "T", 1150, -1375.001, 0],
		[53, "PAD21", "B", 1150, -1375.001, 0],
		[54, "PAD22", "T", 1150, -1275.001, 0],
		[55, "PAD22", "B", 1150, -1275.001, 0],
		[56, "PAD23", "T", 1150, -1175.001, 0],
		[57, "PAD23", "B", 1150, -1175.001, 0],
		[58, "PAD24", "T", 1150, -1075.001, 0],
		[59, "PAD24", "B", 1150, -1075.001, 0],
		[60, "PAD25", "T", 1150, -975.001, 0],
		[61, "PAD25", "B", 1150, -975.001, 0],
		[62, "PAD26", "T", 1150, -875.001, 0],
		[63, "PAD26", "B", 1150, -875.001, 0],
		[64, "PAD27", "T", 1150, -375.001, 0],
		[65, "PAD27", "B", 1150, -375.001, 0],
		[66, "PAD28", "T", 1150, -275.001, 0],
		[67, "PAD28", "B", 1150, -275.001, 0],
		[68, "PAD29", "T", 1323.27, -270, 0],
		[69, "PAD29", "B", 1323.27, -270, 0],
		[70, "PAD30", "T", 1606.73, -270, 0],
		[71, "PAD30", "B", 1606.73, -270, 0],
		[72, "PAD31", "T", 1599.998, -1627.641, 0],
		[73, "PAD31", "B", 1599.998, -1627.641, 0],
		[74, "PAD32", "T", 1599.998, -1529.211, 0],
		[75, "PAD32", "B", 1599.998, -1529.211, 0],
		[76, "PAD33", "T", 1599.998, -1430.791, 0],
		[77, "PAD33", "B", 1599.998, -1430.791, 0],
		[78, "PAD34", "T", 1599.998, -1332.361, 0],
		[79, "PAD34", "B", 1599.998, -1332.361, 0],
		[80, "PAD35", "T", 1786.5, -270, 0],
		[81, "PAD36", "T", 1723.5, -270, 0],
		[82, "PAD37", "T", 235, -1165, 0],
		[83, "PAD37", "B", 235, -1165, 0],
		[84, "PAD38", "T", 235, -1065, 0],
		[85, "PAD38", "B", 235, -1065, 0],
		[86, "PAD39", "T", 235, -965, 0],
		[87, "PAD39", "B", 235, -965, 0],
		[88, "PAD40", "T", 235, -865, 0],
		[89, "PAD40", "B", 235, -865, 0],
		[90, "PAD41", "T", 235, -665, 0],
		[91, "PAD41", "B", 235, -665, 0],
		[92, "PAD42", "T", 235, -1720, 0],
		[93, "PAD42", "B", 235, -1720, 0],
		[94, "PAD43", "T", 235, -1620, 0],
		[95, "PAD43", "B", 235, -1620, 0],
		[96, "PAD44", "T", 235, -1520, 0],
		[97, "PAD44", "B", 235, -1520, 0],
		[98, "PAD45", "T", 235, -1420, 0],
		[99, "PAD45", "B", 235, -1420, 0],
		[100, "PAD46", "T", 235, -1320, 0],
		[101, "PAD46", "B", 235, -1320, 0],
		[102, "PAD47", "T", 2140, -505, 0],
		[103, "PAD47", "B", 2140, -505, 0],
		[104, "PAD48", "T", 2140, -605, 0],
		[105, "PAD48", "B", 2140, -605, 0],
		[106, "PAD49", "T", 1510.5512, -505, 0],
		[107, "PAD49", "B", 1510.5512, -505, 0],
		[108, "PAD50", "T", 2140, -705, 0],
		[109, "PAD50", "B", 2140, -705, 0],
		[110, "PAD51", "T", 2140, -805, 0],
		[111, "PAD51", "B", 2140, -805, 0],
		[112, "PAD52", "T", 2140, -905, 0],
		[113, "PAD52", "B", 2140, -905, 0],
		[114, "PAD53", "T", 2140, -1005, 0],
		[115, "PAD53", "B", 2140, -1005, 0],
		[116, "PAD54", "T", 1510.5512, -605, 0],
		[117, "PAD54", "B", 1510.5512, -605, 0],
		[118, "PAD55", "T", 1510.5512, -705, 0],
		[119, "PAD55", "B", 1510.5512, -705, 0],
		[120, "PAD56", "T", 1510.5512, -805, 0],
		[121, "PAD56", "B", 1510.5512, -805, 0],
		[122, "PAD57", "T", 1510.5512, -905, 0],
		[123, "PAD57", "B", 1510.5512, -905, 0],
		[124, "PAD58", "T", 1510.5512, -1005, 0],
		[125, "PAD58", "B", 1510.5512, -1005, 0],
		[126, "PAD59", "T", 1980, -1139.21, 0],
		[127, "PAD59", "B", 1980, -1139.21, 0],
		[128, "PAD60", "T", 1980, -1540.79, 0],
		[129, "PAD60", "B", 1980, -1540.79, 0],
		[130, "PAD61", "T", 365, -269.21, 0],
		[131, "PAD61", "B", 365, -269.21, 0],
		[132, "PAD62", "T", 365, -670.79, 0],
		[133, "PAD62", "B", 365, -670.79, 0],
		[134, "PAD63", "T", 2480, -467.9329, 0],
		[135, "PAD63", "B", 2480, -467.9329, 0],
		[136, "PAD64", "T", 2480, -270, 0],
		[137, "PAD64", "B", 2480, -270, 0],
		[138, "PAD65", "T", 2488.05, -1757.9329, 0],
		[139, "PAD65", "B", 2488.05, -1757.9329, 0],
		[140, "PAD66", "T", 2488.05, -1560, 0],
		[141, "PAD66", "B", 2488.05, -1560, 0]
	]
},
"pins": {
	"fields": ["PIN_NO", "PIN_NAME", "PIN_X", "PIN_Y", "LAYER", "PIN_TYPE", "NET_NAME", "NET_TYPE", "PAD_SHAPE", "PAD_SIZEX", "PAD_SIZEY", "HOLE_SIZE", "HOLE_LEN", "PAD_ANGLE"],
	"rows": [
		[1, "Fasizi---DRV8833_1", 2140, -505, "T", "DIP", "VCC", "", "C", 60, 60, 36, 36, 0],
		[2, "Fasizi---DRV8833_1", 2140, -505, "B", "DIP", "VCC", "", "C", 60, 60, 36, 36, 0],
		[3, "Fasizi---DRV8833_2", 2140, -605, "T", "DIP", "$1N813", "", "C", 60, 60, 36, 36, 0],
		[4, "Fasizi---DRV8833_2", 2140, -605, "B", "DIP", "$1N813", "", "C", 60, 60, 36, 36, 0],
		[5, "Fasizi---DRV8833_3", 2140, -705, "T", "DIP", "$1N814", "", "C", 60, 60, 36, 36, 0],
		[6, "Fasizi---DRV8833_3", 2140, -705, "B", "DIP", "$1N814", "", "C", 60, 60, 36, 36, 0],
		[7, "Fasizi---DRV8833_4", 2140, -805, "T", "DIP", "$1N815", "", "C", 60, 60, 36, 36, 0],
		[8, "Fasizi---DRV8833_4", 2140, -805, "B", "DIP", "$1N815", "", "C", 60, 60, 36, 36, 0],
		[9, "Fasizi---DRV8833_5", 2140, -905, "T", "DIP", "$1N816", "", "C", 60, 60, 36, 36, 0],
		[10, "Fasizi---DRV8833_5", 2140, -905, "B", "DIP", "$1N816", "", "C", 60, 60, 36, 36, 0],
		[11, "Fasizi---DRV8833_6", 2140, -1005, "T", "DIP", "ULT", "", "C", 60, 60, 36, 36, 0],
		[12, "Fasizi---DRV8833_6", 2140, -1005, "B", "DIP", "ULT", "", "C", 60, 60, 36, 36, 0],
		[13, "Fasizi---DRV8833_7", 1510.5512, -1005, "T", "DIP", "$1N3507", "", "C", 60, 60, 36, 36, 0],
		[14, "Fasizi---DRV8833_7", 1510.5512, -1005, "B", "DIP", "$1N3507", "", "C", 60, 60, 36, 36, 0],
		[15, "Fasizi---DRV8833_8", 1510.5512, -905, "T", "DIP", "$1N3502", "", "C", 60, 60, 36, 36, 0],
		[16, "Fasizi---DRV8833_8", 1510.5512, -905, "B", "DIP", "$1N3502", "", "C", 60, 60, 36, 36, 0],
		[17, "Fasizi---DRV8833_9", 1510.5512, -805, "T", "DIP", "VBAT", "", "C", 60, 60, 36, 36, 0],
		[18, "Fasizi---DRV8833_9", 1510.5512, -805, "B", "DIP", "VBAT", "", "C", 60, 60, 36, 36, 0],
		[19, "Fasizi---DRV8833_10", 1510.5512, -705, "T", "DIP", "GND", "GND", "C", 60, 60, 36, 36, 0],
		[20, "Fasizi---DRV8833_10", 1510.5512, -705, "B", "DIP", "GND", "GND", "C", 60, 60, 36, 36, 0],
		[21, "Fasizi---DRV8833_11", 1510.5512, -605, "T", "DIP", "$1N3475", "", "C", 60, 60, 36, 36, 0],
		[22, "Fasizi---DRV8833_11", 1510.5512, -605, "B", "DIP", "$1N3475", "", "C", 60, 60, 36, 36, 0],
		[23, "Fasizi---DRV8833_12", 1510.5512, -505, "T", "DIP", "$1N3482", "", "C", 60, 60, 36, 36, 0],
		[24, "Fasizi---DRV8833_12", 1510.5512, -505, "B", "DIP", "$1N3482", "", "C", 60, 60, 36, 36, 0],
		[25, "H1_1", 235, -665, "T", "DIP", "GND", "GND", "R", 70.866, 70.866, 40.158, 40.158, 270],
		[26, "H1_1", 235, -665, "B", "DIP", "GND", "GND", "R", 70.866, 70.866, 40.158, 40.158, 270],
		[27, "H1_2", 235, -765, "T", "DIP", "NET_1", "", "C", 62.992, 62.992, 40.158, 40.158, 270],
		[28, "H1_2", 235, -765, "B", "DIP", "NET_1", "", "C", 62.992, 62.992, 40.158, 40.158, 270],
		[29, "H1_3", 235, -865, "T", "DIP", "A0", "", "C", 62.992, 62.992, 40.158, 40.158, 270],
		[30, "H1_3", 235, -865, "B", "DIP", "A0", "", "C", 62.992, 62.992, 40.158, 40.158, 270],
		[31, "H1_4", 235, -965, "T", "DIP", "A1", "", "C", 62.992, 62.992, 40.158, 40.158, 270],
		[32, "H1_4", 235, -965, "B", "DIP", "A1", "", "C", 62.992, 62.992, 40.158, 40.158, 270],
		[33, "H1_5", 235, -1065, "T", "DIP", "A2", "", "C", 62.992, 62.992, 40.158, 40.158, 270],
		[34, "H1_5", 235, -1065, "B", "DIP", "A2", "", "C", 62.992, 62.992, 40.158, 40.158, 270],
		[35, "H1_6", 235, -1165, "T", "DIP", "A3", "", "C", 62.992, 62.992, 40.158, 40.158, 270],
		[36, "H1_6", 235, -1165, "B", "DIP", "A3", "", "C", 62.992, 62.992, 40.158, 40.158, 270],
		[37, "H2_1", 235, -1320, "T", "DIP", "A4", "", "R", 70.866, 70.866, 40.158, 40.158, 270],
		[38, "H2_1", 235, -1320, "B", "DIP", "A4", "", "R", 70.866, 70.866, 40.158, 40.158, 270],
		[39, "H2_2", 235, -1420, "T", "DIP", "A5", "", "C", 62.992, 62.992, 40.158, 40.158, 270],
		[40, "H2_2", 235, -1420, "B", "DIP", "A5", "", "C", 62.992, 62.992, 40.158, 40.158, 270],
		[41, "H2_3", 235, -1520, "T", "DIP", "A6", "", "C", 62.992, 62.992, 40.158, 40.158, 270],
		[42, "H2_3", 235, -1520, "B", "DIP", "A6", "", "C", 62.992, 62.992, 40.158, 40.158, 270],
		[43, "H2_4", 235, -1620, "T", "DIP", "A7", "", "C", 62.992, 62.992, 40.158, 40.158, 270],
		[44, "H2_4", 235, -1620, "B", "DIP", "A7", "", "C", 62.992, 62.992, 40.158, 40.158, 270],
		[45, "H2_5", 235, -1720, "T", "DIP", "VCC", "", "C", 62.992, 62.992, 40.158, 40.158, 270],
		[46, "H2_5", 235, -1720, "B", "DIP", "VCC", "", "C", 62.992, 62.992, 40.158, 40.158, 270],
		[47, "H2_6", 235, -1820, "T", "DIP", "NET_2", "", "C", 62.992, 62.992, 40.158, 40.158, 270],
		[48, "H2_6", 235, -1820, "B", "DIP", "NET_2", "", "C", 62.992, 62.992, 40.158, 40.158, 270],
		[49, "HC-05_1", 1599.998, -1726.061, "T", "DIP", "NET_3", "", "C", 68.898, 68.898, 43.308, 43.308, 90],
		[50, "HC-05_1", 1599.998, -1726.061, "B", "DIP", "NET_3", "", "C", 68.898, 68.898, 43.308, 43.308, 90],
		[51, "HC-05_2", 1599.998, -1627.641, "T", "DIP", "TX-RX", "", "C", 68.898, 68.898, 43.308, 43.308, 90],
		[52, "HC-05_2", 1599.998, -1627.641, "B", "DIP", "TX-RX", "", "C", 68.898, 68.898, 43.308, 43.308, 90],
		[53, "HC-05_3", 1599.998, -1529.211, "T", "DIP", "RX-TX", "", "C", 68.898, 68.898, 43.308, 43.308, 90],
		[54, "HC-05_3", 1599.998, -1529.211, "B", "DIP", "RX-TX", "", "C", 68.898, 68.898, 43.308, 43.308, 90],
		[55, "HC-05_4", 1599.998, -1430.791, "T", "DIP", "GND", "GND", "C", 68.898, 68.898, 43.308, 43.308, 90],
		[56, "HC-05_4", 1599.998, -1430.791, "B", "DIP", "GND", "GND", "C", 68.898, 68.898, 43.308, 43.308, 90],
		[57, "HC-05_5", 1599.998, -1332.361, "T", "DIP", "VCC", "", "C", 68.898, 68.898, 43.308, 43.308, 90],
		[58, "HC-05_5", 1599.998, -1332.361, "B", "DIP", "VCC", "", "C", 68.898, 68.898, 43.308, 43.308, 90],
		[59, "HC-05_6", 1599.998, -1233.941, "T", "DIP", "NET_4", "", "C", 68.898, 68.898, 43.308, 43.308, 90],
		[60, "HC-05_6", 1599.998, -1233.941, "B", "DIP", "NET_4", "", "C", 68.898, 68.898, 43.308, 43.308, 90],
		[61, "LED_1", 1723.5, -270, "T", "SMD", "$1N821", "", "R", 31.496, 31.496, 0, 0, 270],
		[62, "LED_2", 1786.5, -270, "T", "SMD", "GND", "GND", "R", 31.496, 31.496, 0, 0, 270],
		[63, "M-L_1", 2488.05, -1560, "T", "DIP", "$1N815", "", "C", 78.74, 78.74, 51.182, 51.182, 90],
		[64, "M-L_1", 2488.05, -1560, "B", "DIP", "$1N815", "", "C", 78.74, 78.74, 51.182, 51.182, 90],
		[65, "M-L_2", 2488.05, -1757.9329, "T", "DIP", "$1N816", "", "C", 78.74, 78.74, 51.182, 51.182, 90],
		[66, "M-L_2", 2488.05, -1757.9329, "B", "DIP", "$1N816", "", "C", 78.74, 78.74, 51.182, 51.182, 90],
		[67, "M-R_1", 2480, -270, "T", "DIP", "$1N813", "", "C", 78.74, 78.74, 51.182, 51.182, 90],
		[68, "M-R_1", 2480, -270, "B", "DIP", "$1N813", "", "C", 78.74, 78.74, 51.182, 51.182, 90],
		[69, "M-R_2", 2480, -467.9329, "T", "DIP", "$1N814", "", "C", 78.74, 78.74, 51.182, 51.182, 90],
		[70, "M-R_2", 2480, -467.9329, "B", "DIP", "$1N814", "", "C", 78.74, 78.74, 51.182, 51.182, 90],
		[71, "R1_1", 365, -269.21, "T", "DIP", "$1N796", "", "C", 55.118, 55.118, 31.496, 31.496, 270],
		[72, "R1_1", 365, -269.21, "B", "DIP", "$1N796", "", "C", 55.118, 55.118, 31.496, 31.496, 270],
		[73, "R1_2", 365, -670.79, "T", "DIP", "GND", "GND", "C", 55.118, 55.118, 31.496, 31.496, 270],
		[74, "R1_2", 365, -670.79, "B", "DIP", "GND", "GND", "C", 55.118, 55.118, 31.496, 31.496, 270],
		[75, "R2_1", 1323.27, -270, "T", "DIP", "$1N822", "", "C", 47.244, 47.244, 31.496, 31.496, 0],
		[76, "R2_1", 1323.27, -270, "B", "DIP", "$1N822", "", "C", 47.244, 47.244, 31.496, 31.496, 0],
		[77, "R2_2", 1606.73, -270, "T", "DIP", "$1N821", "", "C", 47.244, 47.244, 31.496, 31.496, 0],
		[78, "R2_2", 1606.73, -270, "B", "DIP", "$1N821", "", "C", 47.244, 47.244, 31.496, 31.496, 0],
		[79, "R3_1", 1980, -1139.21, "T", "DIP", "ULT", "", "C", 55.118, 55.118, 31.496, 31.496, 270],
		[80, "R3_1", 1980, -1139.21, "B", "DIP", "ULT", "", "C", 55.118, 55.118, 31.496, 31.496, 270],
		[81, "R3_2", 1980, -1540.79, "T", "DIP", "VCC", "", "C", 55.118, 55.118, 31.496, 31.496, 270],
		[82, "R3_2", 1980, -1540.79, "B", "DIP", "VCC", "", "C", 55.118, 55.118, 31.496, 31.496, 270],
		[83, "Schakelaar_1", 2521.024, -990, "T", "DIP", "NET_5", "", "O", 59.055, 82.677, 39.37, 62.992, 0],
		[84, "Schakelaar_1", 2521.024, -990, "B", "DIP", "NET_5", "", "O", 59.055, 82.677, 39.37, 62.992, 0],
		[85, "Schakelaar_2", 2710, -990, "T", "DIP", "NET_6", "", "O", 59.055, 82.677, 39.37, 62.992, 0],
		[86, "Schakelaar_2", 2710, -990, "B", "DIP", "NET_6", "", "O", 59.055, 82.677, 39.37, 62.992, 0],
		[87, "Schakelaar_3", 2898.976, -990, "T", "DIP", "NET_7", "", "O", 59.055, 82.677, 39.37, 62.992, 0],
		[88, "Schakelaar_3", 2898.976, -990, "B", "DIP", "NET_7", "", "O", 59.055, 82.677, 39.37, 62.992, 0],
		[89, "Startknop_1", 130, -471.02, "T", "SMD", "VCC", "", "R", 48.425, 53.543, 0, 0, 90],
		[90, "Startknop_2", 130, -298.98, "T", "SMD", "$1N796", "", "R", 48.425, 53.543, 0, 0, 90],
		[91, "U1_1", 550, -275.001, "T", "DIP", "$1N796", "", "R", 62.992, 62.992, 39.37, 39.37, 0],
		[92, "U1_1", 550, -275.001, "B", "DIP", "$1N796", "", "R", 62.992, 62.992, 39.37, 39.37, 0],
		[93, "U1_2", 550, -375.001, "T", "DIP", "3.3V", "", "C", 62.992, 62.992, 39.37, 39.37, 0],
		[94, "U1_2", 550, -375.001, "B", "DIP", "3.3V", "", "C", 62.992, 62.992, 39.37, 39.37, 0],
		[95, "U1_3", 550, -475.001, "T", "DIP", "AREF", "", "C", 62.992, 62.992, 39.37, 39.37, 0],
		[96, "U1_3", 550, -475.001, "B", "DIP", "AREF", "", "C", 62.992, 62.992, 39.37, 39.37, 0],
		[97, "U1_4", 550, -575.001, "T", "DIP", "A0", "", "C", 62.992, 62.992, 39.37, 39.37, 0],
		[98, "U1_4", 550, -575.001, "B", "DIP", "A0", "", "C", 62.992, 62.992, 39.37, 39.37, 0],
		[99, "U1_5", 550, -675.001, "T", "DIP", "A1", "", "C", 62.992, 62.992, 39.37, 39.37, 0],
		[100, "U1_5", 550, -675.001, "B", "DIP", "A1", "", "C", 62.992, 62.992, 39.37, 39.37, 0],
		[101, "U1_6", 550, -775.001, "T", "DIP", "A2", "", "C", 62.992, 62.992, 39.37, 39.37, 0],
		[102, "U1_6", 550, -775.001, "B", "DIP", "A2", "", "C", 62.992, 62.992, 39.37, 39.37, 0],
		[103, "U1_7", 550, -875.001, "T", "DIP", "A3", "", "C", 62.992, 62.992, 39.37, 39.37, 0],
		[104, "U1_7", 550, -875.001, "B", "DIP", "A3", "", "C", 62.992, 62.992, 39.37, 39.37, 0],
		[105, "U1_8", 550, -975.001, "T", "DIP", "A4", "", "C", 62.992, 62.992, 39.37, 39.37, 0],
		[106, "U1_8", 550, -975.001, "B", "DIP", "A4", "", "C", 62.992, 62.992, 39.37, 39.37, 0],
		[107, "U1_9", 550, -1075.001, "T", "DIP", "A5", "", "C", 62.992, 62.992, 39.37, 39.37, 0],
		[108, "U1_9", 550, -1075.001, "B", "DIP", "A5", "", "C", 62.992, 62.992, 39.37, 39.37, 0],
		[109, "U1_10", 550, -1175.001, "T", "DIP", "A6", "", "C", 62.992, 62.992, 39.37, 39.37, 0],
		[110, "U1_10", 550, -1175.001, "B", "DIP", "A6", "", "C", 62.992, 62.992, 39.37, 39.37, 0],
		[111, "U1_11", 550, -1275.001, "T", "DIP", "A7", "", "C", 62.992, 62.992, 39.37, 39.37, 0],
		[112, "U1_11", 550, -1275.001, "B", "DIP", "A7", "", "C", 62.992, 62.992, 39.37, 39.37, 0],
		[113, "U1_12", 550, -1375.001, "T", "DIP", "VCC", "", "C", 62.992, 62.992, 39.37, 39.37, 0],
		[114, "U1_12", 550, -1375.001, "B", "DIP", "VCC", "", "C", 62.992, 62.992, 39.37, 39.37, 0],
		[115, "U1_13", 550, -1475.001, "T", "DIP", "NET_8", "", "C", 62.992, 62.992, 39.37, 39.37, 0],
		[116, "U1_13", 550, -1475.001, "B", "DIP", "NET_8", "", "C", 62.992, 62.992, 39.37, 39.37, 0],
		[117, "U1_14", 550, -1575.001, "T", "DIP", "GND", "GND", "C", 62.992, 62.992, 39.37, 39.37, 0],
		[118, "U1_14", 550, -1575.001, "B", "DIP", "GND", "GND", "C", 62.992, 62.992, 39.37, 39.37, 0],
		[119, "U1_15", 550, -1675.001, "T", "DIP", "VBAT", "", "C", 62.992, 62.992, 39.37, 39.37, 0],
		[120, "U1_15", 550, -1675.001, "B", "DIP", "VBAT", "", "C", 62.992, 62.992, 39.37, 39.37, 0],
		[121, "U1_16", 1150, -1675.001, "T", "DIP", "TX-RX", "", "C", 62.992, 62.992, 39.37, 39.37, 0],
		[122, "U1_16", 1150, -1675.001, "B", "DIP", "TX-RX", "", "C", 62.992, 62.992, 39.37, 39.37, 0],
		[123, "U1_17", 1150, -1575.001, "T", "DIP", "RX-TX", "", "C", 62.992, 62.992, 39.37, 39.37, 0],
		[124, "U1_17", 1150, -1575.001, "B", "DIP", "RX-TX", "", "C", 62.992, 62.992, 39.37, 39.37, 0],
		[125, "U1_18", 1150, -1475.001, "T", "DIP", "NET_9", "", "C", 62.992, 62.992, 39.37, 39.37, 0],
		[126, "U1_18", 1150, -1475.001, "B", "DIP", "NET_9", "", "C", 62.992, 62.992, 39.37, 39.37, 0],
		[127, "U1_19", 1150, -1375.001, "T", "DIP", "GND", "GND", "C", 62.992, 62.992, 39.37, 39.37, 0],
		[128, "U1_19", 1150, -1375.001, "B", "DIP", "GND", "GND", "C", 62.992, 62.992, 39.37, 39.37, 0],
		[129, "U1_20", 1150, -1275.001, "T", "DIP", "$1N945", "", "C", 62.992, 62.992, 39.37, 39.37, 0],
		[130, "U1_20", 1150, -1275.001, "B", "DIP", "$1N945", "", "C", 62.992, 62.992, 39.37, 39.37, 0],
		[131, "U1_21", 1150, -1175.001, "T", "DIP", "$1N3507", "", "C", 62.992, 62.992, 39.37, 39.37, 0],
		[132, "U1_21", 1150, -1175.001, "B", "DIP", "$1N3507", "", "C", 62.992, 62.992, 39.37, 39.37, 0],
		[133, "U1_22", 1150, -1075.001, "T", "DIP", "ULT", "", "C", 62.992, 62.992, 39.37, 39.37, 0],
		[134, "U1_22", 1150, -1075.001, "B", "DIP", "ULT", "", "C", 62.992, 62.992, 39.37, 39.37, 0],
		[135, "U1_23", 1150, -975.001, "T", "DIP", "$1N3502", "", "C", 62.992, 62.992, 39.37, 39.37, 0],
		[136, "U1_23", 1150, -975.001, "B", "DIP", "$1N3502", "", "C", 62.992, 62.992, 39.37, 39.37, 0],
		[137, "U1_24", 1150, -875.001, "T", "DIP", "$1N3475", "", "C", 62.992, 62.992, 39.37, 39.37, 0],
		[138, "U1_24", 1150, -875.001, "B", "DIP", "$1N3475", "", "C", 62.992, 62.992, 39.37, 39.37, 0],
		[139, "U1_25", 1150, -775.001, "T", "DIP", "NET_10", "", "C", 62.992, 62.992, 39.37, 39.37, 0],
		[140, "U1_25", 1150, -775.001, "B", "DIP", "NET_10", "", "C", 62.992, 62.992, 39.37, 39.37, 0],
		[141, "U1_26", 1150, -675.001, "T", "DIP", "NET_11", "", "C", 62.992, 62.992, 39.37, 39.37, 0],
		[142, "U1_26", 1150, -675.001, "B", "DIP", "NET_11", "", "C", 62.992, 62.992, 39.37, 39.37, 0],
		[143, "U1_27", 1150, -575.001, "T", "DIP", "NET_12", "", "C", 62.992, 62.992, 39.37, 39.37, 0],
		[144, "U1_27", 1150, -575.001, "B", "DIP", "NET_12", "", "C", 62.992, 62.992, 39.37, 39.37, 0],
		[145, "U1_28", 1150, -475.001, "T", "DIP", "NET_13", "", "C", 62.992, 62.992, 39.37, 39.37, 0],
		[146, "U1_28", 1150, -475.001, "B", "DIP", "NET_13", "", "C", 62.992, 62.992, 39.37, 39.37, 0],
		[147, "U1_29", 1150, -375.001, "T", "DIP", "$1N3482", "", "C", 62.992, 62.992, 39.37, 39.37, 0],
		[148, "U1_29", 1150, -375.001, "B", "DIP", "$1N3482", "", "C", 62.992, 62.992, 39.37, 39.37, 0],
		[149, "U1_30", 1150, -275.001, "T", "DIP", "$1N822", "", "C", 62.992, 62.992, 39.37, 39.37, 0],
		[150, "U1_30", 1150, -275.001, "B", "DIP", "$1N822", "", "C", 62.992, 62.992, 39.37, 39.37, 0],
		[151, "PAD1_2", 2650, -735, "T", "DIP", "GND", "GND", "C", 60, 60, 36, 36, 90],
		[152, "PAD1_2", 2650, -735, "B", "DIP", "GND", "GND", "C", 60, 60, 36, 36, 90],
		[153, "PAD2_3", 2785, -1260, "T", "DIP", "VBAT", "", "C", 60, 60, 36, 36, 90],
		[154, "PAD2_3", 2785, -1260, "B", "DIP", "VBAT", "", "C", 60, 60, 36, 36, 90],
		[155, "PAD3_1", 130, -471.02, "T", "SMD", "VCC", "", "R", 48.425, 53.543, 0, 0, 90],
		[156, "PAD4_2", 130, -298.98, "T", "SMD", "$1N796", "", "R", 48.425, 53.543, 0, 0, 90],
		[157, "PAD5_1", 550, -275.001, "T", "DIP", "$1N796", "", "R", 62.992, 62.992, 39.37, 39.37, 0],
		[158, "PAD5_1", 550, -275.001, "B", "DIP", "$1N796", "", "R", 62.992, 62.992, 39.37, 39.37, 0],
		[159, "PAD6_2", 550, -375.001, "T", "DIP", "3.3V", "", "C", 62.992, 62.992, 39.37, 39.37, 0],
		[160, "PAD6_2", 550, -375.001, "B", "DIP", "3.3V", "", "C", 62.992, 62.992, 39.37, 39.37, 0],
		[161, "PAD7_3", 550, -475.001, "T", "DIP", "AREF", "", "C", 62.992, 62.992, 39.37, 39.37, 0],
		[162, "PAD7_3", 550, -475.001, "B", "DIP", "AREF", "", "C", 62.992, 62.992, 39.37, 39.37, 0],
		[163, "PAD8_4", 550, -575.001, "T", "DIP", "A0", "", "C", 62.992, 62.992, 39.37, 39.37, 0],
		[164, "PAD8_4", 550, -575.001, "B", "DIP", "A0", "", "C", 62.992, 62.992, 39.37, 39.37, 0],
		[165, "PAD9_5", 550, -675.001, "T", "DIP", "A1", "", "C", 62.992, 62.992, 39.37, 39.37, 0],
		[166, "PAD9_5", 550, -675.001, "B", "DIP", "A1", "", "C", 62.992, 62.992, 39.37, 39.37, 0],
		[167, "PAD10_6", 550, -775.001, "T", "DIP", "A2", "", "C", 62.992, 62.992, 39.37, 39.37, 0],
		[168, "PAD10_6", 550, -775.001, "B", "DIP", "A2", "", "C", 62.992, 62.992, 39.37, 39.37, 0],
		[169, "PAD11_7", 550, -875.001, "T", "DIP", "A3", "", "C", 62.992, 62.992, 39.37, 39.37, 0],
		[170, "PAD11_7", 550, -875.001, "B", "DIP", "A3", "", "C", 62.992, 62.992, 39.37, 39.37, 0],
		[171, "PAD12_8", 550, -975.001, "T", "DIP", "A4", "", "C", 62.992, 62.992, 39.37, 39.37, 0],
		[172, "PAD12_8", 550, -975.001, "B", "DIP", "A4", "", "C", 62.992, 62.992, 39.37, 39.37, 0],
		[173, "PAD13_9", 550, -1075.001, "T", "DIP", "A5", "", "C", 62.992, 62.992, 39.37, 39.37, 0],
		[174, "PAD13_9", 550, -1075.001, "B", "DIP", "A5", "", "C", 62.992, 62.992, 39.37, 39.37, 0],
		[175, "PAD14_10", 550, -1175.001, "T", "DIP", "A6", "", "C", 62.992, 62.992, 39.37, 39.37, 0],
		[176, "PAD14_10", 550, -1175.001, "B", "DIP", "A6", "", "C", 62.992, 62.992, 39.37, 39.37, 0],
		[177, "PAD15_11", 550, -1275.001, "T", "DIP", "A7", "", "C", 62.992, 62.992, 39.37, 39.37, 0],
		[178, "PAD15_11", 550, -1275.001, "B", "DIP", "A7", "", "C", 62.992, 62.992, 39.37, 39.37, 0],
		[179, "PAD16_12", 550, -1375.001, "T", "DIP", "VCC", "", "C", 62.992, 62.992, 39.37, 39.37, 0],
		[180, "PAD16_12", 550, -1375.001, "B", "DIP", "VCC", "", "C", 62.992, 62.992, 39.37, 39.37, 0],
		[181, "PAD17_14", 550, -1575.001, "T", "DIP", "GND", "GND", "C", 62.992, 62.992, 39.37, 39.37, 0],
		[182, "PAD17_14", 550, -1575.001, "B", "DIP", "GND", "GND", "C", 62.992, 62.992, 39.37, 39.37, 0],
		[183, "PAD18_15", 550, -1675.001, "T", "DIP", "VBAT", "", "C", 62.992, 62.992, 39.37, 39.37, 0],
		[184, "PAD18_15", 550, -1675.001, "B", "DIP", "VBAT", "", "C", 62.992, 62.992, 39.37, 39.37, 0],
		[185, "PAD19_16", 1150, -1675.001, "T", "DIP", "TX-RX", "", "C", 62.992, 62.992, 39.37, 39.37, 0],
		[186, "PAD19_16", 1150, -1675.001, "B", "DIP", "TX-RX", "", "C", 62.992, 62.992, 39.37, 39.37, 0],
		[187, "PAD20_17", 1150, -1575.001, "T", "DIP", "RX-TX", "", "C", 62.992, 62.992, 39.37, 39.37, 0],
		[188, "PAD20_17", 1150, -1575.001, "B", "DIP", "RX-TX", "", "C", 62.992, 62.992, 39.37, 39.37, 0],
		[189, "PAD21_19", 1150, -1375.001, "T", "DIP", "GND", "GND", "C", 62.992, 62.992, 39.37, 39.37, 0],
		[190, "PAD21_19", 1150, -1375.001, "B", "DIP", "GND", "GND", "C", 62.992, 62.992, 39.37, 39.37, 0],
		[191, "PAD22_20", 1150, -1275.001, "T", "DIP", "$1N945", "", "C", 62.992, 62.992, 39.37, 39.37, 0],
		[192, "PAD22_20", 1150, -1275.001, "B", "DIP", "$1N945", "", "C", 62.992, 62.992, 39.37, 39.37, 0],
		[193, "PAD23_21", 1150, -1175.001, "T", "DIP", "$1N3507", "", "C", 62.992, 62.992, 39.37, 39.37, 0],
		[194, "PAD23_21", 1150, -1175.001, "B", "DIP", "$1N3507", "", "C", 62.992, 62.992, 39.37, 39.37, 0],
		[195, "PAD24_22", 1150, -1075.001, "T", "DIP", "ULT", "", "C", 62.992, 62.992, 39.37, 39.37, 0],
		[196, "PAD24_22", 1150, -1075.001, "B", "DIP", "ULT", "", "C", 62.992, 62.992, 39.37, 39.37, 0],
		[197, "PAD25_23", 1150, -975.001, "T", "DIP", "$1N3502", "", "C", 62.992, 62.992, 39.37, 39.37, 0],
		[198, "PAD25_23", 1150, -975.001, "B", "DIP", "$1N3502", "", "C", 62.992, 62.992, 39.37, 39.37, 0],
		[199, "PAD26_24", 1150, -875.001, "T", "DIP", "$1N3475", "", "C", 62.992, 62.992, 39.37, 39.37, 0],
		[200, "PAD26_24", 1150, -875.001, "B", "DIP", "$1N3475", "", "C", 62.992, 62.992, 39.37, 39.37, 0],
		[201, "PAD27_29", 1150, -375.001, "T", "DIP", "$1N3482", "", "C", 62.992, 62.992, 39.37, 39.37, 0],
		[202, "PAD27_29", 1150, -375.001, "B", "DIP", "$1N3482", "", "C", 62.992, 62.992, 39.37, 39.37, 0],
		[203, "PAD28_30", 1150, -275.001, "T", "DIP", "$1N822", "", "C", 62.992, 62.992, 39.37, 39.37, 0],
		[204, "PAD28_30", 1150, -275.001, "B", "DIP", "$1N822", "", "C", 62.992, 62.992, 39.37, 39.37, 0],
		[205, "PAD29_1", 1323.27, -270, "T", "DIP", "$1N822", "", "C", 47.244, 47.244, 31.496, 31.496, 0],
		[206, "PAD29_1", 1323.27, -270, "B", "DIP", "$1N822", "", "C", 47.244, 47.244, 31.496, 31.496, 0],
		[207, "PAD30_2", 1606.73, -270, "T", "DIP", "$1N821", "", "C", 47.244, 47.244, 31.496, 31.496, 0],
		[208, "PAD30_2", 1606.73, -270, "B", "DIP", "$1N821", "", "C", 47.244, 47.244, 31.496, 31.496, 0],
		[209, "PAD31_2", 1599.998, -1627.641, "T", "DIP", "TX-RX", "", "C", 68.898, 68.898, 43.308, 43.308, 90],
		[210, "PAD31_2", 1599.998, -1627.641, "B", "DIP", "TX-RX", "", "C", 68.898, 68.898, 43.308, 43.308, 90],
		[211, "PAD32_3", 1599.998, -1529.211, "T", "DIP", "RX-TX", "", "C", 68.898, 68.898, 43.308, 43.308, 90],
		[212, "PAD32_3", 1599.998, -1529.211, "B", "DIP", "RX-TX", "", "C", 68.898, 68.898, 43.308, 43.308, 90],
		[213, "PAD33_4", 1599.998, -1430.791, "T", "DIP", "GND", "GND", "C", 68.898, 68.898, 43.308, 43.308, 90],
		[214, "PAD33_4", 1599.998, -1430.791, "B", "DIP", "GND", "GND", "C", 68.898, 68.898, 43.308, 43.308, 90],
		[215, "PAD34_5", 1599.998, -1332.361, "T", "DIP", "VCC", "", "C", 68.898, 68.898, 43.308, 43.308, 90],
		[216, "PAD34_5", 1599.998, -1332.361, "B", "DIP", "VCC", "", "C", 68.898, 68.898, 43.308, 43.308, 90],
		[217, "PAD35_2", 1786.5, -270, "T", "SMD", "GND", "GND", "R", 31.496, 31.496, 0, 0, 270],
		[218, "PAD36_1", 1723.5, -270, "T", "SMD", "$1N821", "", "R", 31.496, 31.496, 0, 0, 270],
		[219, "PAD37_6", 235, -1165, "T", "DIP", "A3", "", "C", 62.992, 62.992, 40.158, 40.158, 270],
		[220, "PAD37_6", 235, -1165, "B", "DIP", "A3", "", "C", 62.992, 62.992, 40.158, 40.158, 270],
		[221, "PAD38_5", 235, -1065, "T", "DIP", "A2", "", "C", 62.992, 62.992, 40.158, 40.158, 270],
		[222, "PAD38_5", 235, -1065, "B", "DIP", "A2", "", "C", 62.992, 62.992, 40.158, 40.158, 270],
		[223, "PAD39_4", 235, -965, "T", "DIP", "A1", "", "C", 62.992, 62.992, 40.158, 40.158, 270],
		[224, "PAD39_4", 235, -965, "B", "DIP", "A1", "", "C", 62.992, 62.992, 40.158, 40.158, 270],
		[225, "PAD40_3", 235, -865, "T", "DIP", "A0", "", "C", 62.992, 62.992, 40.158, 40.158, 270],
		[226, "PAD40_3", 235, -865, "B", "DIP", "A0", "", "C", 62.992, 62.992, 40.158, 40.158, 270],
		[227, "PAD41_1", 235, -665, "T", "DIP", "GND", "GND", "R", 70.866, 70.866, 40.158, 40.158, 270],
		[228, "PAD41_1", 235, -665, "B", "DIP", "GND", "GND", "R", 70.866, 70.866, 40.158, 40.158, 270],
		[229, "PAD42_5", 235, -1720, "T", "DIP", "VCC", "", "C", 62.992, 62.992, 40.158, 40.158, 270],
		[230, "PAD42_5", 235, -1720, "B", "DIP", "VCC", "", "C", 62.992, 62.992, 40.158, 40.158, 270],
		[231, "PAD43_4", 235, -1620, "T", "DIP", "A7", "", "C", 62.992, 62.992, 40.158, 40.158, 270],
		[232, "PAD43_4", 235, -1620, "B", "DIP", "A7", "", "C", 62.992, 62.992, 40.158, 40.158, 270],
		[233, "PAD44_3", 235, -1520, "T", "DIP", "A6", "", "C", 62.992, 62.992, 40.158, 40.158, 270],
		[234, "PAD44_3", 235, -1520, "B", "DIP", "A6", "", "C", 62.992, 62.992, 40.158, 40.158, 270],
		[235, "PAD45_2", 235, -1420, "T", "DIP", "A5", "", "C", 62.992, 62.992, 40.158, 40.158, 270],
		[236, "PAD45_2", 235, -1420, "B", "DIP", "A5", "", "C", 62.992, 62.992, 40.158, 40.158, 270],
		[237, "PAD46_1", 235, -1320, "T", "DIP", "A4", "", "R", 70.866, 70.866, 40.158, 40.158, 270],
		[238, "PAD46_1", 235, -1320, "B", "DIP", "A4", "", "R", 70.866, 70.866, 40.158, 40.158, 270],
		[239, "PAD47_1", 2140, -505, "T", "DIP", "VCC", "", "C", 60, 60, 36, 36, 0],
		[240, "PAD47_1", 2140, -505, "B", "DIP", "VCC", "", "C", 60, 60, 36, 36, 0],
		[241, "PAD48_2", 2140, -605, "T", "DIP", "$1N813", "", "C", 60, 60, 36, 36, 0],
		[242, "PAD48_2", 2140, -605, "B", "DIP", "$1N813", "", "C", 60, 60, 36, 36, 0],
		[243, "PAD49_12", 1510.5512, -505, "T", "DIP", "$1N3482", "", "C", 60, 60, 36, 36, 0],
		[244, "PAD49_12", 1510.5512, -505, "B", "DIP", "$1N3482", "", "C", 60, 60, 36, 36, 0],
		[245, "PAD50_3", 2140, -705, "T", "DIP", "$1N814", "", "C", 60, 60, 36, 36, 0],
		[246, "PAD50_3", 2140, -705, "B", "DIP", "$1N814", "", "C", 60, 60, 36, 36, 0],
		[247, "PAD51_4", 2140, -805, "T", "DIP", "$1N815", "", "C", 60, 60, 36, 36, 0],
		[248, "PAD51_4", 2140, -805, "B", "DIP", "$1N815", "", "C", 60, 60, 36, 36, 0],
		[249, "PAD52_5", 2140, -905, "T", "DIP", "$1N816", "", "C", 60, 60, 36, 36, 0],
		[250, "PAD52_5", 2140, -905, "B", "DIP", "$1N816", "", "C", 60, 60, 36, 36, 0],
		[251, "PAD53_6", 2140, -1005, "T", "DIP", "ULT", "", "C", 60, 60, 36, 36, 0],
		[252, "PAD53_6", 2140, -1005, "B", "DIP", "ULT", "", "C", 60, 60, 36, 36, 0],
		[253, "PAD54_11", 1510.5512, -605, "T", "DIP", "$1N3475", "", "C", 60, 60, 36, 36, 0],
		[254, "PAD54_11", 1510.5512, -605, "B", "DIP", "$1N3475", "", "C", 60, 60, 36, 36, 0],
		[255, "PAD55_10", 1510.5512, -705, "T", "DIP", "GND", "GND", "C", 60, 60, 36, 36, 0],
		[256, "PAD55_10", 1510.5512, -705, "B", "DIP", "GND", "GND", "C", 60, 60, 36, 36, 0],
		[257, "PAD56_9", 1510.5512, -805, "T", "DIP", "VBAT", "", "C", 60, 60, 36, 36, 0],
		[258, "PAD56_9", 1510.5512, -805, "B", "DIP", "VBAT", "", "C", 60, 60, 36, 36, 0],
		[259, "PAD57_8", 1510.5512, -905, "T", "DIP", "$1N3502", "", "C", 60, 60, 36, 36, 0],
		[260, "PAD57_8", 1510.5512, -905, "B", "DIP", "$1N3502", "", "C", 60, 60, 36, 36, 0],
		[261, "PAD58_7", 1510.5512, -1005, "T", "DIP", "$1N3507", "", "C", 60, 60, 36, 36, 0],
		[262, "PAD58_7", 1510.5512, -1005, "B", "DIP", "$1N3507", "", "C", 60, 60, 36, 36, 0],
		[263, "PAD59_1", 1980, -1139.21, "T", "DIP", "ULT", "", "C", 55.118, 55.118, 31.496, 31.496, 270],
		[264, "PAD59_1", 1980, -1139.21, "B", "DIP", "ULT", "", "C", 55.118, 55.118, 31.496, 31.496, 270],
		[265, "PAD60_2", 1980, -1540.79, "T", "DIP", "VCC", "", "C", 55.118, 55.118, 31.496, 31.496, 270],
		[266, "PAD60_2", 1980, -1540.79, "B", "DIP", "VCC", "", "C", 55.118, 55.118, 31.496, 31.496, 270],
		[267, "PAD61_1", 365, -269.21, "T", "DIP", "$1N796", "", "C", 55.118, 55.118, 31.496, 31.496, 270],
		[268, "PAD61_1", 365, -269.21, "B", "DIP", "$1N796", "", "C", 55.118, 55.118, 31.496, 31.496, 270],
		[269, "PAD62_2", 365, -670.79, "T", "DIP", "GND", "GND", "C", 55.118, 55.118, 31.496, 31.496, 270],
		[270, "PAD62_2", 365, -670.79, "B", "DIP", "GND", "GND", "C", 55.118, 55.118, 31.496, 31.496, 270],
		[271, "PAD63_2", 2480, -467.9329, "T", "DIP", "$1N814", "", "C", 78.74, 78.74, 51.182, 51.182, 90],
		[272, "PAD63_2", 2480, -467.9329, "B", "DIP", "$1N814", "", "C", 78.74, 78.74, 51.182, 51.182, 90],
		[273, "PAD64_1", 2480, -270, "T", "DIP", "$1N813", "", "C", 78.74, 78.74, 51.182, 51.182, 90],
		[274, "PAD64_1", 2480, -270, "B", "DIP", "$1N813", "", "C", 78.74, 78.74, 51.182, 51.182, 90],
		[275, "PAD65_2", 2488.05, -1757.9329, "T", "DIP", "$1N816", "", "C", 78.74, 78.74, 51.182, 51.182, 90],
		[276, "PAD65_2", 2488.05, -1757.9329, "B", "DIP", "$1N816", "", "C", 78.74, 78.74, 51.182, 51.182, 90],
		[277, "PAD66_1", 2488.05, -1560, "T", "DIP", "$1N815", "", "C", 78.74, 78.74, 51.182, 51.182, 90],
		[278, "PAD66_1", 2488.05, -1560, "B", "DIP", "$1N815", "", "C", 78.74, 78.74, 51.182, 51.182, 90]
	]
}
}